{
  "project_info": {
    "project_number": "1097074711634",
    "project_id": "fireapp-2ba3c",
    "storage_bucket": "fireapp-2ba3c.firebasestorage.app"
  },
  "client": [
    {
      "client_info": {
        "mobilesdk_app_id": "1:1097074711634:android:64200d70eff2458bca538b",
        "android_client_info": {
          "package_name": "iset.dsi.projetandroid"
        }
      },
      "oauth_client": [],
      "api_key": [
        {
          "current_key": "AIzaSyCRI9oPb588-G8To3HRTQpE6nARINgw0Dw"
        }
      ],
      "services": {
        "appinvite_service": {
          "other_platform_oauth_client": []
        }
      }
    }
  ],
  "configuration_version": "1"
}